APP,FACEBOOK,INSTAGRAM,TWITTER,QUORA,LINKEDIN,REDDIT,SNAPCHAT,YOUTUBE,TIKTOK,EMAIL,OTHER,
C Compiler,18,2,28,67,4,11,1,4,0,0,2,137
C Tutorial,12,10,19,69,1,23,6,4,0,0,0,144
C# Compiler,21,15,32,9,18,2,0,7,0,0,12,116
C# Tutorial,21,16,27,5,9,1,0,5,0,0,12,96
C++ Compiler,46,14,29,18,27,10,0,24,0,11,26,205
C++ Tutorial,81,10,72,71,20,15,4,23,0,4,18,318
Calculator+,88,4,15,41,0,2,0,0,0,0,0,150
Calendar+,23,8,31,14,9,1,0,12,0,2,20,120
Compiler+,19,9,20,55,2,24,0,3,0,0,1,133
CSS Tutorial,55,10,44,15,9,1,0,6,0,0,12,152
Dart Compiler,0,1,18,0,0,1,0,0,0,0,0,20
Dart Tutorial,0,0,10,7,0,3,0,0,0,0,0,20
Go Compiler,20,9,15,9,0,8,0,0,0,0,0,61
Go Tutorial,19,9,3,10,0,6,2,10,0,0,0,59
HTML Tutorial,73,12,29,33,18,6,3,20,0,3,18,215
Java Compiler,23,13,37,20,11,24,2,23,0,8,21,182
Java Tutorial,27,11,41,37,13,26,3,11,0,5,23,197
JavaScript Compiler,75,13,27,11,18,4,5,10,0,2,11,176
JavaScript Tutorial,86,11,25,20,19,4,0,9,0,3,9,186
Kotlin Compiler,0,0,0,0,0,1,0,0,0,0,0,1
Kotlin Tutorial,0,1,0,0,0,1,0,0,0,0,0,2
Motivation+,0,0,0,89,0,2,0,0,0,0,0,91
Notes+,55,16,43,28,13,2,3,10,0,0,10,180
PHP Compiler,9,2,11,0,0,1,0,0,0,0,0,23
PHP Tutorial,13,2,18,31,0,2,0,0,0,0,0,66
Python Compiler,33,10,46,43,16,17,2,9,0,10,27,213
Python Tutorial,50,35,37,29,12,37,0,18,0,5,16,239
Ruby Compiler,8,2,8,41,0,4,0,0,0,0,0,63
Ruby Tutorial,9,2,22,0,0,2,0,0,0,0,0,35
Success Stories,18,0,5,43,0,1,0,0,0,0,0,67
Swift Compiler,55,1,7,19,2,1,0,0,0,0,0,85
Swift Tutorial,50,2,10,42,2,4,0,24,0,0,0,134
Tasks+,17,17,12,5,0,1,0,6,0,2,2,62
Time+,69,18,24,3,15,1,0,4,0,0,9,143
Travel Diaries,0,0,0,42,0,0,0,0,0,0,0,42
XML Tutorial,46,10,50,25,18,4,0,13,0,7,17,190
Message+,35,1,6,22,1,2,0,2,0,0,0,69
Dictionary,0,0,0,25,0,0,0,0,0,0,0,25
,1174,296,821,998,257,255,31,257,0,62,266,4417
